"barcode","gene","PbSTM168_9_GCKO#2GOMOSTM_mf1_r2.1","PbSTM168_9_GCKO#2GOMOSTM_mf1_r2.2","PbSTM168_10_GCKO#2GOMOSTM_mf2_r2.1","PbSTM168_10_GCKO#2GOMOSTM_mf2_r2.2","PbSTM168_11_145480GOMOSTM_mf1_r2.1","PbSTM168_11_145480GOMOSTM_mf1_r2.2","PbSTM168_12_145480GOMOSTM_mf2_r2.1","PbSTM168_12_145480GOMOSTM_mf2_r2.2","PbSTM168_13_Cl15cy1STM_d7_mf1.1_r2.1","PbSTM168_13_Cl15cy1STM_d7_mf1.1_r2.2","PbSTM168_14_Cl15cy1STM_d7_mf1.2_r2.1","PbSTM168_14_Cl15cy1STM_d7_mf1.2_r2.2","PbSTM168_15_Cl15cy1STM_d7_mf2.1_r2.1","PbSTM168_15_Cl15cy1STM_d7_mf2.1_r2.2","PbSTM168_1_Cl15cy1STM_t1_r2.1","PbSTM168_1_Cl15cy1STM_t1_r2.2","PbSTM168_2_Cl15cy1STM_t2_r2.1","PbSTM168_2_Cl15cy1STM_t2_r2.2","PbSTM168_3_GCKO#2GOMOSTM_t1_r2.1","PbSTM168_3_GCKO#2GOMOSTM_t1_r2.2","PbSTM168_4_GCKO#2GOMOSTM_t2_r2.1","PbSTM168_4_GCKO#2GOMOSTM_t2_r2.2","PbSTM168_5_145480GOMOSTM_t1_r2.1","PbSTM168_5_145480GOMOSTM_t1_r2.2","PbSTM168_6_145480GOMOSTM_t2_r2.1","PbSTM168_6_145480GOMOSTM_t2_r2.2","PbSTM168_7_Cl15cy1STM_mf1_r2.1","PbSTM168_7_Cl15cy1STM_mf1_r2.2","PbSTM168_8_Cl15cy1STM_mf2_r2.1","PbSTM168_8_Cl15cy1STM_mf2_r2.2","PbSTM168_16_Cl15cy1STM_d7_mf2.2_r2.1","PbSTM168_16_Cl15cy1STM_d7_mf2.2_r2.2","PbSTM168_17_GCKO#2GOMOSTM_d7_mf1.1_r2.1","PbSTM168_17_GCKO#2GOMOSTM_d7_mf1.1_r2.2","PbSTM168_18_GCKO#2GOMOSTM_d7_mf1.2_r2.1","PbSTM168_18_GCKO#2GOMOSTM_d7_mf1.2_r2.2","PbSTM168_19_GCKO#2GOMOSTM_d7_mf2.1_r2.1","PbSTM168_19_GCKO#2GOMOSTM_d7_mf2.1_r2.2","PbSTM168_20_GCKO#2GOMOSTM_d7_mf2.2_r2.1","PbSTM168_20_GCKO#2GOMOSTM_d7_mf2.2_r2.2","PbSTM168_21_145480GOMOSTM_d7_mf1.1_r2.1","PbSTM168_21_145480GOMOSTM_d7_mf1.1_r2.2","PbSTM168_22_145480GOMOSTM_d7_mf1.2_r2.1","PbSTM168_22_145480GOMOSTM_d7_mf1.2_r2.2","PbSTM168_23_145480GOMOSTM_d7_mf2.1_r2.1","PbSTM168_23_145480GOMOSTM_d7_mf2.1_r2.2","PbSTM168_24_145480GOMOSTM_d7_mf2.2_r2.1","PbSTM168_24_145480GOMOSTM_d7_mf2.2_r2.2","PbSTM168_25_Cl15cy1STM_d14_mf1.1_r2.1","PbSTM168_25_Cl15cy1STM_d14_mf1.1_r2.2","PbSTM168_26_Cl15cy1STM_d14_mf1.2_r2.1","PbSTM168_26_Cl15cy1STM_d14_mf1.2_r2.2","PbSTM168_27_Cl15cy1STM_d14_mf2.1_r2.1","PbSTM168_27_Cl15cy1STM_d14_mf2.1_r2.2","PbSTM168_28_Cl15cy1STM_d14_mf2.2_r2.1","PbSTM168_28_Cl15cy1STM_d14_mf2.2_r2.2","PbSTM168_29_GCKO#2GOMOSTM_d14_mf1.1_r2.1","PbSTM168_29_GCKO#2GOMOSTM_d14_mf1.1_r2.2","PbSTM168_30_GCKO#2GOMOSTM_d14_mf1.2_r2.1","PbSTM168_30_GCKO#2GOMOSTM_d14_mf1.2_r2.2","PbSTM168_31_GCKO#2GOMOSTM_d14_mf2.1_r2.1","PbSTM168_31_GCKO#2GOMOSTM_d14_mf2.1_r2.2","PbSTM168_32_GCKO#2GOMOSTM_d14_mf2.2_r2.1","PbSTM168_32_GCKO#2GOMOSTM_d14_mf2.2_r2.2","PbSTM168_33_145480GOMOSTM_d14_mf1.1_r2.1","PbSTM168_33_145480GOMOSTM_d14_mf1.1_r2.2","PbSTM168_34_145480GOMOSTM_d14_mf1.2_r2.1","PbSTM168_34_145480GOMOSTM_d14_mf1.2_r2.2","PbSTM168_35_145480GOMOSTM_d14_mf2.1_r2.1","PbSTM168_35_145480GOMOSTM_d14_mf2.1_r2.2","PbSTM168_36_145480GOMOSTM_d14_mf2.2_r2.1","PbSTM168_36_145480GOMOSTM_d14_mf2.2_r2.2"
"no_match","",7093,8952,4690,6465,6650,8612,5012,6832,8156,9495,8051,9392,6767,8169,2944,4467,2995,4418,3482,5104,3814,5643,3058,4582,3627,5250,4801,6314,4792,6513,7233,8665,8974,10402,8254,9654,7856,9215,5623,6736,9916,11485,9979,11499,8542,10105,7595,8887,6568,7787,6989,8368,5828,7005,5274,6526,8434,9762,9429,11073,8404,10101,8720,10517,9676,11200,8794,10473,6835,8298,9178,11166
"aaaactgaatc","PBANKA_051280",51,45,314,305,1,1,32,32,0,0,0,1,0,0,695,666,676,638,556,536,804,773,577,553,702,672,10,9,0,0,0,0,0,0,0,0,0,0,0,0,0,0,0,0,0,0,0,0,0,0,0,0,0,0,0,0,0,0,0,0,0,0,1,0,0,0,0,1,0,0,0,0
"aaaacttcgtg","PBANKA_144200",229,212,0,0,13,13,231,212,0,0,0,0,0,0,802,753,816,767,643,627,896,860,606,581,676,653,0,0,0,0,0,0,2,2,0,0,0,0,0,0,13,11,30,28,1269,1213,1285,1223,1,1,0,0,0,0,0,0,0,0,1,0,0,0,1,0,17,17,11,11,1127,1073,1528,1455
"aaatggaactt","PBANKA_101700",2297,2173,123,118,694,654,688,652,933,887,881,837,981,932,433,408,382,370,506,484,452,435,525,509,497,471,392,375,548,518,939,897,2194,2088,2474,2354,371,354,262,243,725,691,637,606,592,558,413,398,735,690,758,719,714,687,719,696,2242,2133,2685,2556,376,364,388,374,562,531,631,590,340,323,698,671
"aacaagaaaaa","PBANKA_143240",0,0,0,0,0,0,0,0,0,0,0,0,0,0,1033,975,970,934,671,646,1006,954,735,703,797,759,1,0,0,0,0,0,0,1,0,0,0,0,0,0,0,0,0,0,0,0,0,0,0,0,0,0,0,0,0,0,0,0,0,0,0,0,0,1,0,1,0,0,0,0,0,0
"aacaatgagga","PBANKA_041340",0,0,73,70,526,491,261,254,245,236,202,192,236,223,266,250,262,253,374,363,298,281,349,335,351,339,85,83,117,114,234,217,3,3,0,0,117,115,136,130,2,2,3,3,1,1,2,2,137,128,145,139,139,131,143,130,0,0,0,0,184,183,254,247,0,0,0,0,0,0,7,7
"aacacaaccgc","PBANKA_140160",41,41,5,5,82,81,77,73,1,2,3,3,2,2,678,665,681,657,796,767,866,826,769,747,685,666,5,4,28,27,1,1,4,4,7,7,0,0,0,0,1,1,4,2,5,4,0,0,3,3,3,3,1,1,1,1,3,3,5,4,1,1,0,0,0,0,0,0,0,0,0,0
"aacttgtacaa","PBANKA_061570",0,0,0,0,0,0,0,0,0,0,0,0,0,0,0,0,0,0,0,0,0,0,0,0,0,0,0,0,0,0,0,0,0,0,0,0,0,0,0,0,0,0,1,1,0,0,0,0,0,0,0,0,0,0,0,0,0,0,0,0,0,0,0,0,0,0,0,0,0,0,0,0
"aactttattgg","PBANKA_020850",0,0,0,0,0,0,0,0,0,0,0,0,0,0,0,0,2,2,0,0,1,0,0,0,0,0,0,0,0,0,0,0,0,0,0,0,0,0,0,0,0,0,0,0,0,0,0,0,0,0,0,0,0,0,0,0,0,0,0,0,0,0,0,0,0,0,0,0,0,0,0,0
"aagatctgcca","PBANKA_051050",0,0,0,0,0,0,0,0,0,0,0,0,0,0,2,2,4,3,7,5,3,2,4,4,4,4,0,0,0,0,0,0,0,0,0,0,0,0,0,0,0,0,0,0,0,0,0,0,0,0,0,0,0,0,0,0,0,0,0,0,0,0,0,0,0,0,0,0,0,0,0,0
"aagattgtgcg","PBANKA_122370",0,0,0,0,0,0,0,0,0,0,0,0,0,0,0,0,0,0,0,0,0,0,0,0,0,0,0,0,0,0,0,0,0,0,0,0,0,0,0,0,0,0,0,1,0,0,0,0,0,0,0,0,0,0,0,0,0,0,0,0,0,0,0,0,0,0,0,0,0,0,0,0
"acacgacaagc","PBANKA_103780",1658,1575,1547,1460,1736,1635,2652,2524,1001,955,920,891,1432,1367,601,578,631,611,813,776,844,809,777,746,853,818,921,868,1184,1139,1513,1432,1704,1614,1502,1411,2018,1941,1494,1413,1778,1687,2013,1903,2878,2753,2345,2261,882,841,1007,968,1520,1445,1357,1290,1925,1849,2329,2206,2714,2571,2795,2663,2003,1909,1824,1720,2930,2791,4211,4020
"acagttgcctc","PBANKA_111060",0,0,0,0,0,0,0,0,0,0,0,0,0,0,0,0,0,0,0,0,0,0,2,2,1,1,0,0,0,0,0,0,0,0,0,0,0,0,0,0,0,0,0,0,0,0,0,0,0,0,0,0,0,0,0,0,0,0,0,0,0,0,0,0,0,0,0,0,0,0,0,0
"actcgtgaact","PBANKA_135250",0,0,0,0,73,69,0,0,0,0,0,0,0,0,1,1,0,0,0,0,0,0,0,0,0,0,0,0,0,0,0,0,0,0,0,0,0,0,0,0,66,62,54,52,0,0,0,0,0,0,0,0,0,0,0,0,0,0,0,0,0,0,0,0,76,74,51,47,0,0,0,0
"aggataccaac","PBANKA_146350",0,0,0,0,0,0,0,0,0,0,0,0,0,0,0,0,0,0,0,0,0,0,0,0,0,0,0,0,0,0,0,0,0,0,0,0,0,0,0,0,0,0,0,0,0,0,0,0,0,0,0,0,0,0,0,0,0,0,0,0,0,0,0,0,0,0,0,0,0,0,1,0
"agggttcctat","PBANKA_051500",699,657,798,760,1927,1800,2215,2098,2121,2026,1938,1823,1252,1203,483,459,467,443,638,601,526,503,630,605,503,484,2116,1995,999,945,1106,1047,665,622,648,614,862,810,786,747,1644,1538,1826,1721,2730,2606,2046,1940,2120,2017,2260,2138,1149,1089,1027,954,905,846,979,925,1659,1565,1518,1414,1825,1718,1923,1795,2245,2141,3122,2976
"agtaagccttc","PBANKA_110420",73,71,85,84,27,26,28,25,7,7,9,9,3,2,506,487,463,444,656,627,602,575,672,646,657,616,29,24,14,12,1,1,0,0,0,0,0,0,0,0,1,1,10,10,8,7,7,7,21,19,12,11,3,3,1,1,0,0,0,0,0,0,0,0,11,11,3,3,1,1,6,6
"agtctgtgaaa","PBANKA_141060",0,0,0,0,0,0,0,0,0,0,0,0,0,0,2,2,2,2,3,3,2,2,2,2,1,1,0,0,0,0,0,0,0,0,0,0,0,0,0,0,0,0,0,0,0,0,0,0,0,0,0,0,0,0,0,0,0,0,0,0,0,0,0,0,0,0,0,0,0,0,0,0
"agttttttagc","PBANKA_011250",6,5,782,726,388,363,255,249,174,169,196,184,345,321,413,388,438,415,515,487,519,499,466,438,535,492,130,122,414,394,292,279,20,20,11,8,526,499,346,334,248,234,349,335,119,110,134,127,180,172,217,201,328,318,235,225,14,13,17,17,726,696,819,771,183,169,224,207,138,130,181,174
"atcgacggctt","PBANKA_136370",239,232,856,819,418,402,1205,1141,656,629,586,556,398,381,334,320,321,305,426,405,446,424,405,389,381,363,574,556,528,500,375,359,276,268,283,275,1911,1830,1465,1404,544,515,523,505,1182,1131,1064,1025,546,522,554,517,261,254,313,297,265,255,314,301,1937,1861,2247,2135,440,414,532,506,832,793,1244,1176
"atgcagcagac","PBANKA_041360",0,0,0,0,0,0,0,0,0,0,0,0,0,0,0,0,0,0,0,0,0,0,0,0,0,0,0,0,0,0,0,0,0,0,0,0,0,0,0,0,0,0,0,0,1,1,0,0,0,0,0,0,0,0,0,0,0,0,0,0,0,0,0,0,0,0,0,0,0,0,0,0
"atgggagaaga","PBANKA_120350",0,1,0,0,0,0,0,0,0,0,0,0,0,0,0,0,0,0,0,0,0,0,0,0,0,0,0,0,0,0,0,0,0,0,0,0,0,0,0,0,0,0,0,0,0,0,0,0,0,0,0,0,0,0,0,0,0,0,0,0,0,0,0,0,0,0,0,0,0,0,0,0
"atgttgatcac","PBANKA_060390",0,0,110,106,24,22,8,8,156,141,135,128,4,4,758,743,731,700,536,524,811,777,647,621,638,622,73,68,10,10,5,5,0,1,4,4,80,77,94,93,43,42,33,33,6,4,3,3,135,131,160,150,6,6,4,4,0,0,0,0,163,153,201,189,39,37,40,37,6,6,3,3
"attaaggcttc","PBANKA_113920",0,0,0,0,0,0,0,0,0,0,0,0,0,0,0,0,0,0,0,1,0,0,0,0,0,0,0,0,0,0,0,0,0,0,0,0,0,0,0,0,0,0,0,0,0,0,0,0,0,0,0,0,0,0,0,0,0,0,0,0,0,0,0,0,0,0,0,0,0,0,0,0
"caacgtgagca","PBANKA_060240",111,104,13,13,19,18,201,199,8,8,5,5,158,153,397,380,384,370,514,491,554,531,494,465,514,491,4,4,102,96,217,206,55,52,67,64,19,18,14,15,11,11,43,42,235,225,144,140,8,7,8,8,158,150,162,158,85,81,61,58,35,33,25,25,3,3,24,23,187,176,254,239
"caataggcgac","PBANKA_131270",558,541,808,768,1149,1077,1437,1370,58,56,66,65,129,127,428,408,389,379,499,494,511,488,463,449,502,483,938,899,1901,1824,140,137,12,14,19,20,20,19,17,15,8,7,16,14,9,9,6,6,55,53,51,48,113,108,132,126,10,9,18,17,23,21,61,55,0,1,0,0,23,22,8,8
"cactaaacaag","PBANKA_060330",1735,1665,556,532,166,154,352,336,588,571,660,627,923,874,2010,1909,1972,1889,1349,1292,1993,1932,1520,1447,1625,1553,535,511,746,719,816,776,1902,1821,2053,1964,850,805,655,635,251,240,252,239,363,347,282,270,271,261,242,230,355,339,328,321,114,107,126,121,77,73,99,91,192,184,242,228,314,291,417,405
"cagacaaacgg","PBANKA_130130",0,0,1125,1059,5,4,34,33,4,4,1,1,9,9,860,820,796,757,594,562,904,853,658,625,713,677,3,3,117,109,11,11,0,0,0,0,1,1,0,0,0,0,2,2,3,4,25,22,0,0,1,1,10,11,5,4,0,0,0,0,0,0,0,0,0,0,0,0,9,9,31,29
"cagacaatcgg","PBANKA_050860",0,0,1,0,0,0,0,0,0,0,0,0,0,0,2,0,0,0,1,0,0,0,1,0,0,0,0,0,0,0,0,0,0,0,0,0,0,0,0,0,0,0,0,0,0,0,0,0,0,0,0,0,0,0,0,0,0,0,0,0,0,0,0,0,0,0,0,0,0,0,0,0
"cagcaagtcgt","PBANKA_103520",79,75,710,657,29,28,39,38,1,1,3,3,0,0,392,364,413,382,580,550,573,540,564,536,564,535,7,8,6,5,6,6,62,60,59,55,433,409,440,412,57,53,63,58,19,18,44,43,4,4,5,4,0,0,3,2,79,79,33,30,733,703,745,698,23,21,22,18,43,41,42,42
"cagcgtgatgt","PBANKA_010110",3385,3189,1212,1145,2698,2558,1913,1819,2384,2265,2302,2184,4555,4332,913,857,894,847,1312,1243,1249,1170,1244,1181,1192,1139,2090,1974,3053,2882,4486,4223,4212,3955,3960,3725,2041,1925,1732,1642,2886,2736,2476,2332,1617,1532,1511,1435,1941,1832,2252,2136,4206,4010,3930,3722,4090,3839,5492,5171,2784,2652,2310,2187,3098,2937,2534,2364,1526,1453,2082,1985
"cagggaggggc","PBANKA_144610",0,0,0,0,0,0,0,0,0,0,0,0,0,0,0,0,0,0,0,0,1,0,0,0,1,0,0,0,0,0,0,0,0,0,0,0,0,0,0,0,0,0,0,0,0,0,0,0,0,0,0,0,0,0,0,0,0,0,0,0,0,0,0,0,0,0,0,0,0,0,0,0
"catggatgggc","PBANKA_113980",1461,1375,357,342,366,339,541,523,67,64,61,58,100,95,751,703,739,711,588,563,748,724,640,606,655,631,638,605,1026,976,98,93,91,85,79,77,34,34,56,55,0,0,1,1,3,2,4,4,17,15,10,10,27,25,17,16,15,15,8,8,7,7,7,7,0,0,0,0,0,0,0,0
"cattgggtcaa","PBANKA_091280",1,0,0,0,0,0,0,0,0,0,0,0,0,0,0,0,0,0,0,0,0,0,0,0,0,0,0,0,0,0,0,0,0,0,2,2,0,0,0,0,0,0,0,0,0,0,2,2,0,0,0,0,0,0,0,0,1,1,0,0,0,0,0,0,0,0,1,1,0,0,0,0
"ccacctgccca","PBANKA_010620",2399,2314,300,289,1005,954,732,698,264,251,254,249,348,334,518,498,467,449,486,487,627,608,519,499,555,526,232,223,545,523,295,289,2397,2281,2536,2423,728,702,541,522,0,0,0,0,0,0,1,1,219,210,264,256,339,326,332,316,2719,2618,3093,2966,884,852,780,759,0,0,0,0,1,1,0,0
"ccctcaaatac","PBANKA_135960",962,931,1026,1002,479,463,1415,1368,834,793,792,763,328,329,529,497,512,494,546,535,533,499,605,591,614,593,1064,1019,533,521,301,285,1448,1399,1519,1461,1346,1315,940,907,0,0,0,0,6,6,0,1,667,649,848,822,306,304,274,264,1623,1555,1689,1633,1574,1521,1790,1732,0,0,0,0,3,3,0,0
"ccctgaggtgt","PBANKA_145690",0,0,0,0,0,0,0,0,0,0,0,0,0,0,0,0,0,0,0,0,0,0,0,0,0,0,0,0,0,0,0,0,0,0,0,0,1,1,0,0,0,0,0,0,0,0,0,0,0,0,0,0,0,0,0,0,0,0,0,0,0,0,0,0,0,0,0,0,0,0,0,0
"ccgcttcatgc","PBANKA_143660",0,0,0,0,0,0,0,0,0,0,0,0,0,0,0,0,0,0,0,0,0,0,0,0,0,0,0,0,0,0,0,0,0,0,0,0,0,0,0,0,0,0,0,0,0,0,0,0,0,0,0,0,0,0,0,0,0,0,0,0,0,0,0,0,1,0,0,0,0,0,0,0
"ccggctggacg","PBANKA_API0035",0,0,0,0,0,0,1,1,0,0,0,0,0,0,0,0,0,0,0,0,0,0,0,0,0,0,0,0,0,0,0,0,0,0,0,0,0,0,0,0,0,0,0,0,0,0,0,0,0,0,0,0,0,0,0,0,0,0,0,0,0,0,0,0,0,0,0,0,0,0,0,0
"ccggctggagg","PBANKA_121770",371,351,301,288,210,194,196,189,1,1,5,5,7,6,317,293,296,279,336,320,364,342,357,331,375,346,136,128,143,140,1,1,0,0,1,1,0,0,0,0,10,10,9,7,6,5,4,4,8,7,2,2,14,14,3,3,0,0,0,0,0,0,0,0,3,3,5,5,5,5,5,4
"cctccatatgt","PBANKA_131530",786,756,158,150,1970,1859,1946,1882,925,879,970,920,1764,1676,219,208,241,234,496,458,415,394,413,392,429,409,672,644,1411,1344,1684,1602,1228,1168,1202,1141,296,285,118,115,1971,1893,2207,2101,2008,1906,1888,1808,880,827,1151,1089,1780,1691,1891,1793,1613,1532,1501,1427,300,277,324,308,1890,1798,2066,1940,2067,1968,3150,3006
"cgaacactccc","PBANKA_091320",0,0,0,0,0,0,0,0,0,0,0,0,0,0,0,0,0,0,0,0,0,0,0,0,0,0,0,0,0,0,4,4,5,4,1,1,0,0,1,1,2,1,0,0,1,1,0,0,0,0,0,0,0,0,0,0,0,0,0,0,0,0,0,0,0,0,0,0,0,0,0,0
"cgaccaatgag","PBANKA_110940",0,0,0,0,0,0,0,0,0,0,0,0,0,0,0,0,0,0,0,0,0,0,0,0,1,1,0,0,0,0,0,0,0,0,0,0,0,0,0,0,0,0,0,0,0,0,0,0,0,0,0,0,0,0,0,0,0,0,0,0,0,0,0,0,0,0,0,0,0,0,0,0
"cgagagataca","PBANKA_083110",273,257,13,12,269,258,172,168,23,19,16,16,98,97,151,142,175,163,280,258,264,252,293,286,235,226,14,13,111,108,90,86,231,222,277,263,0,0,7,8,345,324,321,306,61,54,48,44,17,14,8,8,71,62,94,89,237,227,202,196,3,3,5,5,207,194,180,166,41,38,104,98
"cgagtatgctt","PBANKA_102460",108,107,656,620,77,72,162,148,59,57,62,56,46,44,459,444,473,436,555,528,564,532,498,480,478,458,58,54,30,28,57,53,128,121,141,132,1131,1056,814,767,111,104,144,138,145,137,143,133,54,51,56,50,28,29,34,34,140,132,180,169,1141,1051,1083,1032,143,135,107,95,178,169,195,184
"cgataagtata","PBANKA_145860",0,0,0,0,0,0,0,0,0,0,0,0,0,0,0,0,0,0,0,0,0,0,0,0,0,0,0,0,0,0,0,0,0,0,0,0,0,0,0,0,0,0,0,0,0,0,0,0,0,0,0,0,0,0,0,0,0,0,0,0,0,0,0,0,0,0,0,0,0,0,1,0
"cgctaagtccg","PBANKA_010240",274,260,0,0,64,62,94,95,54,53,39,38,20,19,405,381,403,380,410,387,484,462,443,415,500,488,147,140,142,133,28,27,579,549,466,435,2,2,0,0,0,0,1,1,0,0,2,2,44,41,40,38,22,20,23,21,653,619,787,733,2,2,2,2,0,0,0,0,1,1,0,0
"cgctaagtgcg","PBANKA_041700",0,0,0,0,0,0,0,0,0,0,0,0,0,0,0,0,0,0,0,0,0,0,0,0,0,0,0,0,0,0,0,0,1,0,0,0,0,0,0,0,0,0,0,0,0,0,0,0,0,0,0,0,0,0,0,0,0,0,0,0,0,0,0,0,0,0,0,0,0,0,0,0
"cgctcactggt","PBANKA_103010",204,185,903,859,551,519,483,469,278,261,253,237,195,177,224,199,260,240,300,283,319,302,259,250,318,308,265,254,218,205,187,179,219,207,235,226,1575,1501,939,904,0,0,0,0,0,0,0,0,325,313,284,271,180,175,174,169,249,241,291,284,2063,1975,2067,1958,1,0,0,0,0,0,1,1
"cgctcgctatt","PBANKA_130420",0,0,0,0,0,0,0,0,0,0,0,0,0,0,0,0,0,0,0,0,0,0,0,0,0,0,0,0,0,0,0,0,0,0,0,0,0,0,0,0,0,0,0,0,0,0,0,0,0,0,0,0,0,0,0,0,0,0,0,0,0,0,1,0,0,0,0,0,0,0,0,0
"cgctctttctt","PBANKA_000430",0,0,0,0,0,0,0,0,0,0,0,0,0,0,0,0,0,0,0,0,0,0,0,0,0,0,0,0,0,0,0,0,0,0,0,0,0,0,0,0,0,0,0,0,0,0,0,0,0,0,0,0,0,0,0,0,0,0,1,0,0,0,0,0,0,0,0,0,0,0,0,0
"cggagtacgtt","PBANKA_103440",84,82,82,76,318,309,183,172,41,41,37,35,71,70,569,544,594,569,669,638,691,663,677,640,711,684,120,117,224,211,76,76,19,17,5,5,22,22,13,13,52,48,74,74,17,16,13,14,29,30,47,41,87,86,60,57,29,29,11,10,31,29,59,55,41,40,43,44,6,6,37,33
"cggggacttac","PBANKA_141810",299,292,0,0,82,81,90,83,86,84,64,63,40,37,554,542,535,520,499,485,675,653,480,472,554,547,38,39,111,103,22,21,0,0,2,2,0,0,0,0,68,69,88,90,48,48,66,65,66,63,73,72,19,19,30,30,0,0,0,0,0,0,0,0,68,66,89,85,29,29,80,75
"cgtgtgatgcc","PBANKA_051060",842,925,71,79,539,588,841,905,531,581,458,501,787,856,406,454,420,464,503,547,461,499,483,508,496,538,505,534,968,1057,797,849,1094,1194,1150,1241,144,159,82,90,0,0,0,0,0,0,0,0,423,457,460,504,677,787,727,785,1306,1452,1454,1559,184,196,129,149,0,1,0,0,0,0,0,0
"cgttatgtggg","p230p-tag",75,73,274,252,173,156,457,428,76,71,90,85,185,180,216,207,232,217,296,276,300,284,292,273,316,296,89,81,153,140,216,201,48,48,72,68,425,394,417,385,134,131,138,129,431,406,385,359,75,72,98,92,149,132,164,158,86,82,122,113,660,630,813,774,109,103,144,141,343,316,503,471
"ctcccagtttt","PBANKA_112710",0,0,0,0,1,1,1,1,0,0,0,0,0,0,0,0,0,0,0,0,0,0,0,0,0,0,0,0,0,0,0,0,0,0,0,0,0,0,0,0,5,5,1,1,2,2,0,0,0,0,0,0,0,0,0,0,0,0,0,0,0,0,0,0,0,0,0,0,0,0,1,1
"ctccgggattc","PBANKA_050970",0,0,0,0,0,0,0,0,0,0,0,0,0,0,0,0,0,0,0,0,1,1,1,1,2,2,0,0,0,0,0,0,0,0,0,0,0,0,0,0,0,0,0,0,0,0,0,0,0,0,0,0,0,0,0,0,0,0,0,0,0,0,0,0,0,0,0,0,0,0,0,0
"ctcgacagctt","PBANKA_010870",0,0,0,0,0,0,0,0,0,0,0,0,0,0,0,0,0,0,0,0,0,0,0,0,1,1,0,0,0,0,1,1,0,0,1,0,3,3,0,0,0,1,0,0,1,2,0,0,0,0,0,0,0,0,0,0,0,0,0,0,0,0,0,0,0,0,1,1,0,0,0,0
"ctcgggagggg","PBANKA_050120",1604,1529,965,922,1462,1398,1179,1126,1333,1268,1236,1155,1213,1141,400,379,419,404,581,554,581,563,544,514,555,529,814,783,821,788,1441,1376,1204,1128,1225,1152,1915,1836,1619,1534,2133,2022,2233,2115,1633,1547,1545,1479,1018,969,1158,1099,1263,1211,1089,1043,1488,1416,1397,1326,2371,2248,2595,2461,2121,2007,1430,1345,1361,1269,2084,1977
"ctgggaaaaga","PBANKA_142220",1108,1057,0,0,1284,1214,892,867,117,116,117,110,165,156,591,556,594,575,590,550,675,633,575,542,557,520,528,505,628,590,178,169,140,133,129,120,0,0,0,0,336,320,239,223,226,215,204,191,92,89,107,104,135,132,127,122,124,115,138,136,1,1,1,1,257,241,212,200,244,229,363,347
"ctttgtactgt","PBANKA_131950",0,0,754,721,37,35,8,8,7,7,4,4,0,0,844,791,768,741,641,604,894,842,709,689,774,740,4,4,0,0,0,0,1,1,0,2,1253,1195,1110,1045,74,76,55,50,23,24,32,32,2,2,4,3,0,0,0,0,0,0,0,0,727,680,715,665,24,24,52,49,26,26,8,6
"gaaccagtgga","PBANKA_093190",0,0,0,0,0,0,0,0,0,0,0,0,0,1,0,0,0,0,0,0,0,0,0,0,0,0,0,0,0,0,0,0,0,0,0,0,0,0,0,0,0,0,0,0,0,0,0,0,0,0,0,0,0,0,0,0,0,0,0,0,0,0,0,0,0,0,0,0,0,0,0,0
"gaaggaacgtc","PBANKA_090240",585,535,143,137,673,634,527,502,648,617,509,482,112,107,508,490,497,475,536,507,602,586,569,545,565,538,1115,1065,308,290,102,97,0,0,0,0,0,0,0,0,730,703,666,638,530,503,512,488,531,493,568,535,100,96,94,85,0,0,0,0,2,2,1,2,683,664,655,620,507,480,651,614
"gacattcgagg","PBANKA_122540",1704,1642,201,191,177,162,471,448,307,290,341,332,978,927,295,280,381,368,543,520,502,474,408,391,505,486,547,530,731,695,1016,970,1318,1244,1126,1070,612,579,472,440,172,165,160,154,374,359,367,355,241,230,242,232,524,491,525,509,1255,1205,1315,1254,486,462,546,522,129,126,111,104,310,295,305,291
"gagacgcgaag","PBANKA_112740",0,0,0,0,0,0,0,0,0,1,0,0,0,0,0,0,0,0,0,0,0,0,0,0,0,0,0,0,0,0,0,0,0,0,0,0,0,0,0,0,0,0,0,0,0,0,0,0,0,0,0,0,0,0,0,0,0,0,0,0,0,0,0,0,0,0,0,0,0,0,0,0
"gagatggcatc","PBANKA_130280",1539,1470,1482,1417,2148,2044,1469,1403,2396,2303,2165,2057,1920,1830,429,418,433,417,570,542,518,489,484,461,495,467,1260,1192,1655,1566,1909,1823,2091,1992,2093,1985,1852,1788,1258,1187,2685,2554,2626,2522,1120,1072,1010,965,2068,1969,2356,2226,1881,1811,1822,1738,2337,2224,2761,2621,2443,2337,2238,2126,3055,2900,2536,2416,1013,956,1594,1499
"gaggtggacaa","PBANKA_080950",0,0,0,0,0,0,0,0,0,0,0,0,0,0,0,0,0,0,0,0,0,0,0,0,0,0,0,0,0,0,0,0,0,0,3,3,2,2,0,0,10,10,0,0,0,0,0,0,0,0,0,0,0,0,0,0,0,0,0,0,0,0,0,0,0,0,0,0,0,0,0,0
"gatcgccgaaa","PBANKA_145830",0,0,0,0,0,0,0,0,0,0,0,0,0,0,0,0,0,0,0,0,0,0,0,0,0,0,0,0,0,0,0,0,0,0,2,2,0,0,0,0,8,7,17,16,0,0,0,0,0,0,0,0,0,0,0,0,0,0,0,0,0,0,0,0,0,0,0,0,0,0,0,0
"gatggatctgc","PBANKA_030350",0,0,0,0,0,0,0,0,0,0,0,0,0,0,0,1,0,0,0,0,0,0,0,0,0,0,0,0,0,0,0,0,0,0,0,0,0,0,0,0,0,0,0,0,0,0,0,0,0,0,0,0,0,0,0,0,0,0,0,0,0,0,0,0,0,0,0,0,0,0,0,0
"gcaatcaatgc","PBANKA_080810",9,9,172,152,215,207,308,299,826,783,828,789,508,473,244,237,259,243,382,355,331,314,352,344,360,350,506,489,333,319,459,445,11,11,13,12,400,385,307,296,412,395,434,407,314,306,248,236,829,783,864,822,489,474,476,455,33,31,4,3,590,570,575,536,458,440,349,325,273,269,319,302
"gcatcatcccc","PBANKA_082800",3,4,64,61,70,68,26,24,0,0,0,0,0,0,402,390,385,375,574,546,525,506,528,501,509,485,60,60,15,16,0,0,0,0,0,0,0,0,0,0,0,0,0,0,0,0,0,0,0,0,0,0,0,0,0,0,0,0,0,0,0,0,0,0,0,0,0,0,0,0,0,0
"gccagatgtat","PBANKA_031270",2142,2030,1354,1282,822,785,553,518,270,258,236,230,257,246,362,346,344,327,476,441,387,359,459,438,416,395,607,578,899,837,250,235,1181,1121,1169,1114,1202,1122,866,820,1,1,0,0,0,0,0,0,148,138,165,155,167,154,142,133,864,811,854,814,956,908,748,707,0,0,0,0,0,0,0,0
"gccagttgaat","PBANKA_101510",0,1,0,0,0,0,0,0,0,0,0,0,0,0,0,1,0,0,0,0,0,0,0,0,0,0,0,0,0,0,0,0,0,0,0,0,0,0,0,0,0,0,0,0,0,0,0,0,0,0,0,0,0,0,0,0,0,0,0,0,0,0,0,0,0,0,0,0,0,0,0,0
"gcccgacaaac","PBANKA_131980",0,0,0,0,0,0,0,0,0,0,0,0,0,0,0,0,0,0,0,0,0,0,0,0,0,0,0,0,0,0,0,0,0,0,0,0,0,0,0,0,0,0,0,0,0,0,0,0,0,0,0,0,0,0,0,0,1,0,0,0,0,0,0,0,0,0,0,0,0,0,0,0
"gccggatgttt","PBANKA_102510",0,0,0,0,0,0,0,0,0,0,0,0,0,0,0,0,0,0,0,0,0,1,0,0,0,0,0,0,0,0,0,0,0,0,0,0,0,0,0,0,0,0,0,0,0,0,0,0,0,0,0,0,0,0,0,0,0,0,0,0,0,0,0,0,0,0,0,0,0,0,0,0
"gcgtcgtgaag","PBANKA_100220",345,328,531,499,1141,1075,613,578,550,522,504,473,842,799,212,199,234,219,287,274,253,244,264,244,306,286,307,283,316,304,868,813,364,347,430,408,1794,1706,1130,1066,1567,1464,1658,1560,822,762,559,523,482,454,420,398,835,795,727,683,521,500,568,534,2165,2039,2101,2002,1803,1704,1563,1456,691,648,812,757
"gctatagtttt","PBANKA_011220",0,0,0,0,0,0,0,0,0,0,0,0,0,0,0,0,0,0,0,0,0,0,0,0,0,0,0,0,0,0,0,0,0,0,0,0,0,0,0,0,0,0,0,0,0,0,0,0,0,0,0,0,0,0,0,0,0,0,0,0,0,0,0,0,0,0,1,0,0,0,0,0
"gctgtcgcgta","PBANKA_083250",0,0,0,0,0,0,0,0,0,0,0,0,0,0,0,0,0,0,0,0,0,0,0,0,0,0,0,0,0,0,0,0,0,0,0,0,0,0,0,0,1,1,0,0,0,0,0,0,0,0,0,0,0,0,0,0,0,0,0,0,0,0,0,0,0,0,0,0,0,0,0,0
"ggacgccctgg","PBANKA_134980",252,237,121,112,229,216,363,344,420,401,392,381,299,293,260,248,284,274,322,301,383,368,268,260,304,286,229,219,215,194,302,287,385,367,376,358,191,185,116,106,453,432,545,521,526,500,350,337,370,356,336,312,291,278,297,278,472,465,541,516,300,288,344,326,611,587,512,491,415,400,541,512
"ggctcgctgac","PBANKA_130070",1,1,7,7,81,75,26,24,169,164,138,131,275,267,423,409,419,408,349,339,534,522,419,393,432,418,32,30,75,71,254,245,0,0,1,1,38,38,30,27,45,45,74,68,34,31,17,18,159,156,185,178,298,281,378,356,0,0,0,0,57,57,48,45,30,27,52,48,19,17,29,27
"gggaattaaga","PBANKA_143750",2016,1927,9000,8581,468,449,290,284,0,0,0,0,1,1,452,437,507,491,480,460,548,525,444,427,557,518,1123,1073,4564,4325,0,1,14,12,0,0,0,0,0,0,0,0,0,0,0,0,1,1,0,0,0,0,0,0,0,0,0,0,0,0,0,0,0,0,0,0,0,0,0,0,0,0
"gggtaagcgtt","PBANKA_130720",0,0,0,0,0,0,0,0,0,0,0,0,0,0,0,0,0,0,0,0,0,0,0,0,0,0,0,0,0,0,0,0,0,0,0,0,0,0,0,0,0,0,1,0,0,0,0,0,0,0,0,0,0,0,0,0,0,0,0,0,0,0,0,0,0,0,0,0,0,0,0,0
"gggtccatact","PBANKA_121160",0,0,0,0,0,0,0,0,0,0,0,0,0,0,0,0,1,1,1,1,0,0,1,1,0,0,0,0,0,0,0,0,0,0,0,0,0,0,0,0,0,0,0,0,0,0,0,0,0,0,0,0,0,0,0,0,0,0,0,0,0,0,0,0,0,0,0,0,0,0,0,0
"ggtaggacgtg","PBANKA_146300",643,612,420,392,413,382,828,787,658,618,661,628,460,439,355,337,377,352,390,374,428,395,421,399,451,433,652,619,347,335,530,516,330,315,362,332,259,240,252,241,310,293,376,366,907,847,647,610,616,575,734,688,486,465,460,435,397,371,503,473,350,332,409,393,333,319,409,378,798,755,998,948
"ggttaagcttt","PBANKA_123400",2,3,0,5,2,2,0,10,0,5,1,2,0,2,0,1,0,2,0,1,0,2,1,1,0,3,1,3,1,2,1,1,0,0,0,0,0,1,0,0,2,6,1,8,6,15,2,9,2,4,1,3,0,2,1,1,0,0,0,0,0,0,0,0,1,4,3,10,1,4,2,10
"ggttttgtatt","PBANKA_051840",0,0,0,0,0,0,0,0,0,0,0,0,0,0,0,0,0,0,0,0,0,0,0,0,0,0,0,0,0,0,0,0,0,0,0,0,0,0,0,0,0,0,0,0,0,0,0,0,0,0,0,0,0,0,0,0,0,0,0,0,0,0,0,0,0,0,0,0,0,0,0,1
"gtaccagtcga","PBANKA_110150",0,0,15,14,1195,1128,776,730,647,605,637,597,763,728,537,517,518,492,556,526,603,569,504,472,580,546,641,613,1089,1023,863,821,3,3,1,0,42,40,37,38,0,0,0,0,0,0,0,0,522,500,617,580,720,679,678,646,0,0,0,0,49,46,63,59,0,0,0,0,0,0,0,0
"gtcaaccgttt","PBANKA_051440",0,0,0,0,0,0,0,0,1,1,0,0,0,0,0,0,0,0,0,0,0,0,0,0,0,0,0,0,0,0,0,0,1,1,0,0,0,0,0,0,0,0,0,0,0,0,0,0,0,0,0,0,0,0,0,0,0,0,0,0,0,0,0,0,0,0,0,0,0,0,0,0
"gtcagagttat","PBANKA_143930",0,0,0,0,0,0,0,0,0,0,1,0,0,0,0,0,0,0,0,0,0,0,0,0,0,0,0,0,0,0,0,0,0,0,0,0,0,0,0,0,0,0,0,0,0,0,0,0,0,0,0,0,0,0,0,0,0,0,0,0,0,0,0,0,0,0,0,0,0,0,0,0
"gtgccggagtg","PBANKA_103820",4,4,8,6,267,248,45,42,69,61,66,63,73,70,777,733,803,767,691,647,924,866,645,617,713,680,152,146,114,111,67,64,9,9,4,4,7,7,4,3,5,5,1,1,3,3,0,0,71,67,52,50,54,52,67,59,4,4,11,10,14,12,14,14,0,0,0,0,0,0,0,0
"gtttaagcttt","PBANKA_135970",1459,1390,2314,2185,3866,3652,4289,4064,2267,2156,2095,1979,1641,1549,666,632,653,615,872,830,823,790,868,827,798,760,3212,3061,3086,2945,1555,1486,44,37,29,27,28,28,11,11,3917,3678,3566,3358,4620,4391,3654,3480,1964,1869,2116,2013,1633,1542,1586,1501,30,30,47,45,44,40,40,39,3965,3776,3722,3494,4111,3898,5853,5573
"gtttgcacatc","PBANKA_041540",0,0,0,0,0,0,0,0,0,0,0,0,0,0,0,0,0,0,0,0,0,0,0,0,0,0,0,0,0,0,0,0,7,7,1,1,0,0,0,0,0,0,0,0,0,0,0,0,0,0,0,0,0,0,0,0,0,0,0,0,0,0,0,0,0,0,0,0,1,1,0,0
"taacctcttct","PBANKA_020830",111,104,17,17,92,87,98,95,39,40,38,33,3,3,493,465,569,538,519,496,644,614,453,434,576,552,153,147,69,65,2,2,3,3,7,7,8,8,1,1,3,3,4,5,0,0,1,1,28,27,26,25,2,2,1,0,16,16,16,14,3,3,0,0,11,9,0,0,0,0,1,1
"taagactgtat","PBANKA_100210",60,56,85,83,703,656,635,593,721,680,695,660,687,648,226,208,215,206,367,347,332,318,329,315,363,333,609,582,537,498,646,616,81,80,64,60,207,201,129,121,831,793,718,682,600,567,559,531,626,597,721,683,680,639,615,590,80,74,101,96,221,210,286,270,696,670,626,588,475,451,778,731
"taccaagcgat","PBANKA_142210",279,268,357,346,449,427,255,249,301,288,288,277,261,242,538,515,528,504,592,570,701,675,618,595,620,592,186,182,325,311,284,268,258,245,264,255,975,929,679,645,505,476,390,372,226,218,184,180,273,257,326,306,244,236,235,216,377,365,271,250,1005,960,1079,1033,567,542,442,420,222,212,290,280
"tagattgggcg","PBANKA_123360",1440,1360,219,210,752,695,1455,1367,1796,1698,1720,1625,1683,1593,1083,1030,1038,982,1292,1218,1259,1167,1188,1125,1320,1248,1228,1135,1485,1402,1726,1620,793,745,828,796,261,242,259,251,764,716,699,654,1271,1207,1163,1117,1454,1393,1517,1422,1298,1223,1158,1086,528,501,623,577,243,225,254,234,652,613,617,585,1160,1096,1903,1783
"tagtgcgaggg","PBANKA_062240",0,0,0,0,0,0,0,0,0,0,0,0,0,0,0,0,0,0,0,0,0,0,0,1,0,0,0,0,0,0,0,0,0,0,0,0,0,0,0,0,0,0,0,0,0,0,0,0,0,0,0,0,0,0,0,0,0,0,0,0,0,0,0,0,0,0,0,0,0,0,0,0
"tataacttata","PBANKA_123160",349,344,0,0,5,5,0,0,3,3,4,4,48,43,306,291,301,288,265,256,310,292,276,262,287,274,4,3,54,54,46,43,3,3,2,1,0,0,0,0,11,10,0,0,0,0,0,0,0,0,3,4,35,35,46,46,3,3,1,0,0,0,1,1,4,5,4,4,0,0,0,0
"tatacctaaag","PBANKA_093210",0,0,0,0,0,0,0,0,0,0,0,0,0,0,0,0,0,0,0,0,0,0,0,0,0,0,0,0,0,0,0,0,0,0,1,1,0,0,0,0,2,2,1,1,0,0,0,0,0,0,0,0,0,0,0,0,0,0,0,0,0,0,0,0,0,0,0,0,0,0,0,0
"tatgtttactg","PBANKA_030610",295,273,33,32,195,178,204,195,263,251,271,258,2,2,309,294,304,286,306,292,363,347,300,284,338,323,187,170,3,3,2,2,439,415,424,407,69,67,50,47,0,0,0,0,0,0,0,0,222,210,208,200,1,1,0,0,658,623,592,560,99,92,118,105,3,3,0,0,0,0,3,3
"tcacgcgatgc","PBANKA_144900",1075,1004,199,187,213,203,311,298,646,618,599,577,188,176,371,348,406,388,468,434,449,424,398,367,422,395,461,439,105,101,225,211,1100,1042,1067,1017,191,179,99,93,79,71,92,85,173,167,148,134,565,538,609,576,182,176,206,199,1435,1355,1522,1455,165,154,209,189,96,87,66,64,158,151,210,198
"tcgacaccaac","PBANKA_061540",0,0,0,0,1,1,0,0,0,0,0,0,0,0,0,0,0,0,0,0,0,0,0,0,0,0,0,0,0,0,0,0,0,0,0,0,0,0,0,0,0,0,0,0,0,0,0,0,0,0,0,0,0,0,0,0,0,0,0,0,0,0,0,0,0,0,0,0,0,0,0,0
"tcgatggttca","PBANKA_143400",561,532,832,783,742,701,864,802,530,500,561,523,737,691,420,396,438,413,513,487,534,508,476,451,526,499,557,527,816,755,772,731,325,301,325,304,684,647,704,663,602,573,597,557,597,557,555,522,495,465,565,533,814,755,685,649,375,353,395,369,1007,953,1020,938,680,633,630,583,596,562,789,753
"tcgtgacgcgg","PBANKA_051200",0,0,0,0,0,0,0,0,0,0,0,0,0,0,2,2,0,0,0,0,0,0,0,0,0,0,0,0,0,0,0,0,0,0,0,0,0,0,0,0,0,0,0,0,0,0,0,0,0,0,0,0,0,0,0,0,0,0,0,0,0,0,0,0,0,0,0,0,0,0,0,0
"tctcggttat","PBANKA_061670",134,132,937,891,340,317,915,865,860,807,862,810,545,518,346,322,419,400,571,535,528,490,463,432,534,505,1550,1455,610,576,526,502,0,0,2,2,2,2,0,0,603,570,514,484,861,812,806,763,616,573,698,666,474,451,494,461,1,0,1,1,2,1,7,6,603,565,465,440,787,743,996,952
"tcttacgggga","PBANKA_130980",0,0,0,0,0,0,0,0,0,0,0,0,0,0,0,0,0,0,0,0,0,0,0,0,0,0,0,0,0,0,0,0,5,5,0,0,21,21,8,8,1,1,0,0,1,1,4,4,0,0,0,0,0,0,0,0,2,2,2,2,0,0,0,0,0,0,0,0,1,1,0,0
"tgaagtgaacc","PBANKA_093360",0,0,0,0,0,0,0,0,0,0,0,0,0,0,0,0,0,0,0,0,0,0,0,0,0,0,0,0,0,0,0,0,11,11,0,0,0,0,0,0,0,0,0,0,0,0,0,0,0,0,0,0,0,0,0,0,0,0,0,0,0,0,0,0,0,0,0,0,0,0,0,0
"tgccttgtatg","PBANKA_051490",1114,1047,39,35,668,628,1001,944,250,242,375,363,947,913,398,372,492,463,751,711,657,621,715,688,705,660,516,489,498,468,787,745,613,589,555,529,18,18,19,18,961,911,1044,996,1395,1324,1765,1671,299,276,342,318,920,873,794,758,847,805,972,922,61,58,84,81,1039,995,1502,1414,1695,1613,2101,2004
"tggactgagtc","PBANKA_133270",0,0,0,0,0,0,0,0,0,0,0,0,0,0,0,0,0,0,0,0,0,0,0,0,1,1,0,0,0,0,0,0,0,0,0,0,0,0,0,0,0,0,0,0,0,0,0,0,0,0,0,0,0,0,0,0,0,0,0,0,0,0,0,0,0,0,0,0,0,0,0,0
"tgggtgtcgct","PBANKA_092040",0,0,1,1,1,1,0,0,5,5,1,1,0,0,0,0,0,0,0,0,0,0,0,0,0,0,0,0,0,0,0,0,5,5,1,1,16,17,12,12,9,9,11,10,1,1,0,0,0,0,0,0,0,0,0,0,0,0,0,0,9,9,0,0,0,0,0,0,1,0,0,0
"tgtgtccgatg","PBANKA_142800",0,0,1,0,0,0,0,0,0,0,0,0,0,0,0,0,0,0,0,0,0,0,0,0,0,0,0,0,0,0,0,0,0,0,0,0,0,0,0,0,0,0,0,0,0,0,0,0,0,0,0,0,0,0,0,0,0,0,0,0,0,0,0,0,0,0,0,0,0,0,0,0
"tgttgagacag","PBANKA_041810",1,1,0,0,0,0,0,0,0,0,0,0,0,0,0,0,0,0,0,0,0,0,0,0,0,0,0,0,0,0,0,0,0,0,0,0,0,0,0,0,0,0,0,0,0,0,0,0,0,0,0,0,0,0,0,0,0,0,0,0,0,0,0,0,0,0,0,0,0,0,0,0
"tgtttccgttg","PBANKA_051820",508,468,650,615,253,239,284,261,140,133,138,130,170,156,364,340,437,412,562,530,508,476,474,454,527,510,216,200,255,242,170,167,4,4,5,5,0,0,0,0,219,204,301,290,278,266,242,231,92,83,182,172,195,186,162,150,0,0,0,0,0,0,3,3,278,262,316,297,256,242,338,319
"ttaattgcgac","PBANKA_121260",988,951,1377,1317,367,352,415,396,523,492,421,402,396,380,586,564,571,551,440,420,577,552,554,537,471,454,778,734,315,302,416,398,1079,1025,1206,1157,1972,1887,1736,1667,0,0,0,0,0,0,0,0,377,356,429,401,356,338,340,319,1255,1211,1425,1372,2837,2715,2940,2816,0,0,0,1,0,0,1,1
"ttaggaatata","PBANKA_101640",9,7,29,28,22,22,15,15,20,20,22,18,58,57,393,379,380,356,476,450,506,471,444,426,456,434,26,23,30,29,70,68,8,8,13,12,21,20,23,21,55,54,36,36,17,17,6,6,4,4,12,12,61,59,63,57,13,9,20,16,19,19,40,38,61,56,61,59,8,8,10,10
"ttatccaaggg","PBANKA_111920",34,30,120,114,365,343,483,453,46,44,28,27,322,305,389,367,395,379,520,492,491,459,487,469,515,493,58,53,218,204,332,312,19,19,6,5,150,150,129,122,197,180,224,214,172,166,159,156,11,12,26,25,182,176,207,198,3,1,1,1,79,74,59,57,63,62,64,65,74,66,107,100
"ttggggtgaca","PBANKA_092640",1,1,0,0,0,0,0,0,0,0,0,0,0,0,0,0,0,0,0,0,0,0,0,0,0,0,0,0,0,0,0,0,0,0,0,0,0,0,0,0,0,0,0,0,0,0,0,0,0,0,0,0,0,0,0,0,0,0,0,0,0,0,0,0,0,0,0,0,0,0,0,0
"ttttctacttc","PBANKA_082420",610,575,263,255,1011,966,1483,1419,1107,1063,1024,989,754,716,1257,1200,1141,1092,1180,1135,1379,1316,1253,1203,1245,1186,877,828,625,599,795,763,582,554,583,564,685,655,586,569,1204,1147,1226,1180,1195,1142,1071,1007,876,822,1092,1049,695,665,704,671,617,604,771,736,1014,969,857,822,1264,1210,1347,1281,1083,1040,1631,1573
